vehicle_id,trip_id,route_id,latitude,longitude,stop_id,current_stop_sequence,timestamp
A7113,A56-A1496-3-18-13905593331,A56,42.71966552734375,23.31058692932129,A2662,,2026-01-21 15:01:42+00:00
TM4106,TM20-TM652-8-14-21672869801,TM20,42.69684982299805,23.352344512939453,TM1822,,2026-01-21 15:01:39+00:00
TB2816,TB7-TB780-12-11-1383802291,TB7,42.71495819091797,23.283721923828125,TB2097,,2026-01-21 15:01:38+00:00
A2043,A60-A3725-3-19-5134671501,A60,42.7044677734375,23.330537796020508,A1311,,2026-01-21 15:01:39+00:00
A3314,A82-A2375-5-9-36054527711,A82,42.63991928100586,23.416162490844727,A0612,,2026-01-21 15:01:38+00:00
A2318,A58-A96-5-18-25155018941,A58,42.65668487548828,23.359092712402344,A0617,,2026-01-21 15:01:39+00:00
A2011,A57-A141-9-15-5461188771,A57,42.682621002197266,23.32093620300293,A0396,,2026-01-21 15:01:42+00:00
A1157,A9-A4256-11-12-268767471,A9,42.66035842895508,23.320974349975586,A2314,,2026-01-21 15:01:41+00:00
TM2330,TM34-TM124-7-24-39355177591,TM34,42.69673538208008,23.32085418701172,TM2336,,2026-01-21 15:01:38+00:00
A1188,A12-A859-11-12-5165752811,A12,42.67497253417969,23.30368423461914,A2380,,2026-01-21 15:01:40+00:00
A3311,A100-A2710-3-15-28074017761,A100,42.642269134521484,23.407466888427734,A2409,,2026-01-21 15:01:40+00:00
A3401,A91-A968-5-14-25220171271,A91,42.68901824951172,23.33977699279785,A1289,,2026-01-21 15:01:38+00:00
TM2324,TM30-TM1298-1-20-9227725961,TM30,42.661277770996094,23.284887313842773,TM2211,,2026-01-21 15:01:41+00:00
A2733,A48-A4364-7-8-1765699081,A48,42.79050064086914,23.304054260253906,A2618,,2026-01-21 15:01:41+00:00
A3312,A82-A2375-7-11-36054527711,A82,42.66264343261719,23.355789184570312,A0764,,2026-01-21 15:01:40+00:00
A3659,A91-A968-4-12-25220171271,A91,42.68235778808594,23.301780700683594,A2342,,2026-01-21 15:01:39+00:00
A2070,A70-A2618-6-17-34272789451,A70,42.601932525634766,23.479799270629883,A2358,,2026-01-21 15:01:40+00:00
TM0671,TM33-TM554-5-17-6102957891,TM33,42.700069427490234,23.322433471679688,TM1277,,2026-01-21 15:01:39+00:00
TM4108,TM20-TM8-3-15-21672869801,TM20,42.68001174926758,23.35770034790039,TM2060,,2026-01-21 15:01:40+00:00
A3107,A81-A4233-4-12-42846132941,A81,42.679222106933594,23.302461624145508,A0270,,2026-01-21 15:01:41+00:00
A2057,A45-A1600-1-17-7949370281,A45,42.739715576171875,23.344066619873047,A1267,,2026-01-21 15:01:40+00:00
A1616,A3-A2387-10-9-10205602451,A3,42.70231246948242,23.23035430908203,A2383,,2026-01-21 15:01:41+00:00
TB5047,TB39-TB1006-18-10-21833271561,TB39,42.67167282104492,23.3348445892334,TB1604,,2026-01-21 15:01:39+00:00
TB1614,TB4-TB192-4-15-33874768131,TB4,42.70173263549805,23.333864212036133,TB1313,,2026-01-21 15:01:41+00:00
A1038,A29-A117-1-20-13050759071,A29,42.67575454711914,23.265357971191406,A0900,,2026-01-21 15:01:39+00:00
TB1659,TB3-TB295-6-15-6015886401,TB3,42.675052642822266,23.359180450439453,TB1696,,2026-01-21 15:01:42+00:00
A3316,A87-A1222-1-16-5610317481,A87,42.64112854003906,23.373685836791992,A1917,,2026-01-21 15:01:40+00:00
TM2312,TM51-TM727-2-19-18049020291,TM51,42.698665618896484,23.315631866455078,TM2113,,2026-01-21 15:01:42+00:00
A1823,A108-A3002-1-22-35186208211,A108,42.668575286865234,23.255762100219727,A0347,,2026-01-21 15:01:41+00:00
A1202,A3-A2387-11-9-10205602451,A3,42.668739318847656,23.255573272705078,A0347,,2026-01-21 15:01:40+00:00
TM3405,TM32-TM1162-2-12-30092207131,TM32,42.74272918701172,23.27546501159668,TM0873,,2026-01-21 15:01:41+00:00
A3016,A2-A3910-1-19-17658896101,A2,42.675987243652344,23.379941940307617,A1586,,2026-01-21 15:01:43+00:00
TB2683,TB6-TB1084-10-12-23464477111,TB6,42.71754455566406,23.279006958007812,TB2092,,2026-01-21 15:01:43+00:00
A7075,A42-A2863-1-15-18111250661,A42,42.73353958129883,23.34343910217285,A0710,,2026-01-21 15:01:43+00:00
A7107,A35-A3239-1-14-41471335241,A35,42.72612380981445,23.554000854492188,A0478,,2026-01-21 15:01:40+00:00
A3611,A69-A2488-1-17-32221638681,A69,42.62358856201172,23.405519485473633,A0830,,2026-01-21 15:01:42+00:00
A2035,A60-A191-2-16-5134671501,A60,42.71506118774414,23.284061431884766,A2092,,2026-01-21 15:01:41+00:00
TB1668,TB9-TB12-8-15-22108036401,TB9,42.681732177734375,23.301542282104492,TB2804,,2026-01-21 15:01:40+00:00
TB2811,TB7-TB779-6-11-1383802291,TB7,42.68813705444336,23.328399658203125,TB0926,,2026-01-21 15:01:39+00:00
A3147,A121-A4219-2-41-16235495031,A121,42.716880798339844,23.260562896728516,A1057,,2026-01-21 15:01:43+00:00
TM4164,TM22-TM4-14-18-5799033071,TM22,42.70003128051758,23.317052841186523,TM0378,,2026-01-21 15:01:40+00:00
A1304,A105-A3461-2-15-21539890271,A105,42.59886169433594,23.16236114501953,A1677,,2026-01-21 15:01:39+00:00
A2172,A201-A2646-2-15-34154492681,A201,42.70737075805664,23.355350494384766,A1825,,2026-01-21 15:01:38+00:00
TB5063,TB39-TB952-8-11-21833271561,TB39,42.66494369506836,23.30276107788086,TB2036,,2026-01-21 15:01:42+00:00
A3145,A84-A2228-7-11-36419210061,A84,42.683074951171875,23.34797477722168,A2326,,2026-01-21 15:01:40+00:00
A7117,A56-A1497-1-19-13905593331,A56,42.733612060546875,23.308378219604492,A1225,,2026-01-21 15:01:41+00:00
TM2335,TM55-TM1751-9-16-10207457221,TM55,42.680992126464844,23.307321548461914,TM0271,,2026-01-21 15:01:38+00:00
TM0934,TM29-TM1447-9-12-23634710001,TM29,42.71683120727539,23.30928611755371,TM1775,,2026-01-21 15:01:42+00:00
A7103,A56-A1496-4-16-13905593331,A56,42.70487976074219,23.329574584960938,A1275,,2026-01-21 15:01:41+00:00
A1309,A195-A1593-3-15-13448771501,A195,42.723758697509766,23.127206802368164,A2497,,2026-01-21 15:01:43+00:00
TB2820,TB10-TB10-9-14-9493358841,TB10,42.698020935058594,23.33502769470215,TB1858,,2026-01-21 15:01:40+00:00
A2830,A59-A1734-2-15-23236206821,A59,42.70542907714844,23.31467628479004,A0385,,2026-01-21 15:01:43+00:00
TM4126,TM56-TM32-4-18-2368821361,TM56,42.696754455566406,23.351593017578125,TM0470,,2026-01-21 15:01:38+00:00
A3321,A82-A53-1-10-36054527711,A82,42.66069412231445,23.319814682006836,A2313,,2026-01-21 15:01:42+00:00
A7139,A36-A1426-3-12-17245829331,A36,42.707271575927734,23.41053009033203,A1600,,2026-01-21 15:01:39+00:00
A1026,A29-A117-4-18-13050759071,A29,42.668365478515625,23.24190330505371,A0849,,2026-01-21 15:01:38+00:00
TB5005,TB39-TB1006-14-10-21833271561,TB39,42.688087463378906,23.255054473876953,TB0231,,2026-01-21 15:01:42+00:00
TM3413,TM29-TM1447-8-13-23634710001,TM29,42.7376823425293,23.317697525024414,TM0754,,2026-01-21 15:01:41+00:00
A3151,A90-A3969-10-8-26023178861,A90,42.659423828125,23.34796905517578,A0316,,2026-01-21 15:01:38+00:00
A1853,A31-A1858-1-17-29823706841,A31,42.706748962402344,23.181333541870117,A0840,,2026-01-21 15:01:40+00:00
A7087,A104-A4366-2-12-40585987471,A104,42.73421859741211,23.317407608032227,A0745,,2026-01-21 15:01:43+00:00
TB5062,TB39-TB1006-2-10-21833271561,TB39,42.6546630859375,23.369586944580078,TB0022,,2026-01-21 15:01:42+00:00
A2804,A45-A2381-2-14-7949370281,A45,42.81848907470703,23.356603622436523,A2460,,2026-01-21 15:00:57+00:00
A3667,A90-A3968-6-9-26023178861,A90,42.69263458251953,23.355024337768555,A1975,,2026-01-21 15:01:43+00:00
TM2321,TM32-TM1162-3-14-30092207131,TM32,42.73732376098633,23.299495697021484,TM0221,,2026-01-21 15:01:40+00:00
TM2301,TM55-TM1751-10-13-10207457221,TM55,42.68360900878906,23.315326690673828,TM0356,,2026-01-21 15:01:41+00:00
A1171,A12-A860-6-12-5165752811,A12,42.65573501586914,23.336345672607422,A0603,,2026-01-21 15:01:39+00:00
TM3010,TM40-TM1762-7-15-23433951601,TM40,42.677677154541016,23.335115432739258,TM1879,,2026-01-21 15:01:39+00:00
A3018,A99-A1316-1-20-35998379791,A99,42.67552185058594,23.358564376831055,A2326,,2026-01-21 15:01:42+00:00
A3628,A75-A2224-1-22-41453276541,A75,42.67409133911133,23.407344818115234,A2741,,2026-01-21 15:01:39+00:00
A3627,A99-A3858-5-21-35998379791,A99,42.68775939941406,23.41309356689453,A2453,,2026-01-21 15:01:41+00:00
TB1604,TB1-TB2-6-14-9164007201,TB1,42.67115020751953,23.382293701171875,TB1984,,2026-01-21 15:01:41+00:00
A2032,A57-A141-10-17-5461188771,A57,42.678550720214844,23.322010040283203,A2330,,2026-01-21 15:01:41+00:00
A2025,A37-A3851-3-14-17950310781,A37,42.66513442993164,23.317785263061523,A2860,,2026-01-21 15:01:43+00:00
TM2045,TM28-TM250-3-19-19048400351,TM28,42.707275390625,23.326175689697266,TM1939,,2026-01-21 15:01:42+00:00
TM4167,TM56-TM31-2-19-2368821361,TM56,42.69623947143555,23.34733009338379,TM1726,,2026-01-21 15:01:38+00:00
TB1667,TB9-TB13-13-14-22108036401,TB9,42.69928741455078,23.340669631958008,TB1102,,2026-01-21 15:01:41+00:00
A2807,A70-A2618-4-15-34272789451,A70,42.6625862121582,23.377138137817383,A2795,,2026-01-21 15:01:38+00:00
A3670,A91-A967-2-13-25220171271,A91,42.689727783203125,23.338428497314453,A1287,,2026-01-21 15:01:41+00:00
TM0504,TM29-TM1447-10-13-23634710001,TM29,42.69658279418945,23.29618263244629,TM1050,,2026-01-21 15:01:40+00:00
TB2505,TB41-TB1028-3-16-33800151801,TB41,42.65634536743164,23.28620147705078,TB2206,,2026-01-21 15:01:41+00:00
A2317,A58-A96-3-16-25155018941,A58,42.64493179321289,23.342041015625,A0741,,2026-01-21 15:01:41+00:00
A1165,A9-A4256-7-11-268767471,A9,42.724952697753906,23.28162956237793,A0676,,2026-01-21 15:01:43+00:00
TM2318,TM25-TM85-10-27-35049760591,TM25,42.667728424072266,23.265668869018555,TM0892,,2026-01-21 15:01:42+00:00
A3666,A100-A2710-4-13-28074017761,A100,42.66758728027344,23.385480880737305,A2433,,2026-01-21 15:01:41+00:00
TB1650,TB3-TB866-3-18-6015886401,TB3,42.68897247314453,23.31974220275879,TB0362,,2026-01-21 15:01:39+00:00
A1602,A4-A93-9-13-23345298621,A4,42.683345794677734,23.270153045654297,A2029,,2026-01-21 15:01:40+00:00
TM2326,TM55-TM1752-5-14-10207457221,TM55,42.69740676879883,23.321491241455078,TM2336,,2026-01-21 15:01:39+00:00
A3157,A84-A3694-12-12-36419210061,A84,42.66725540161133,23.28218650817871,A2731,,2026-01-21 15:01:42+00:00
A7171,A104-A4366-1-16-40585987471,A104,42.76394271850586,23.314382553100586,A1684,,2026-01-21 15:01:39+00:00
TB5054,TB35-TB915-2-12-14002095321,TB35,42.695777893066406,23.288116455078125,TB0292,,2026-01-21 15:01:39+00:00
TB2807,TB7-TB780-9-12-1383802291,TB7,42.66426086425781,23.2974910736084,TB1224,,2026-01-21 15:01:40+00:00
A2168,A53-A89-1-17-4067422331,A53,42.72682189941406,23.317861557006836,A1000,,2026-01-21 15:01:41+00:00
TB1627,TB2-TB613-3-18-14637221171,TB2,42.65603256225586,23.406707763671875,TB0147,,2026-01-21 15:01:38+00:00
TM4130,TM20-TM8-4-15-21672869801,TM20,42.69670104980469,23.35135841369629,TM0470,,2026-01-21 15:01:42+00:00
A7085,A34-A1597-5-8-2035504791,A34,42.70793533325195,23.41402816772461,A1097,,2026-01-21 15:01:41+00:00
TB5001,TB24-TB809-1-17-33710653141,TB24,42.671852111816406,23.371856689453125,TB1155,,2026-01-21 15:01:39+00:00
A3608,A200-A3907-2-19-15996494161,A200,42.59593963623047,23.364442825317383,A2547,,2026-01-21 15:01:42+00:00
A3662,A91-A968-7-14-25220171271,A91,42.66059494018555,23.39560890197754,A0559,,2026-01-21 15:01:39+00:00
TB5014,TB33-TB889-2-17-20935091151,TB33,42.63412094116211,23.427955627441406,TB1429,,2026-01-21 15:01:36+00:00
TM2336,TM25-TM85-7-27-35049760591,TM25,42.69464111328125,23.315288543701172,TM1283,,2026-01-21 15:01:41+00:00
TM0507,TM29-TM1447-1-14-23634710001,TM29,42.66096496582031,23.249048233032227,TM2104,,2026-01-21 15:01:42+00:00
TM2302,TM51-TM726-4-18-18049020291,TM51,42.665252685546875,23.260339736938477,TM0348,,2026-01-21 15:00:55+00:00
A2028,A57-A140-3-16-5461188771,A57,42.64691925048828,23.345741271972656,A1694,,2026-01-21 15:01:31+00:00
A3302,A90-A3968-5-11-26023178861,A90,42.66078567504883,23.35070037841797,A0318,,2026-01-21 15:01:43+00:00
A2077,A66-A3105-5-18-29083688511,A66,42.637168884277344,23.40713882446289,A2257,,2026-01-21 15:01:39+00:00
TM0664,TM33-TM553-2-15-6102957891,TM33,42.74507141113281,23.318397521972656,TM0755,,2026-01-21 15:01:43+00:00
A7063,A109-A2566-2-17-36487451391,A109,42.74230194091797,23.277790069580078,A1792,,2026-01-21 15:01:39+00:00
A2160,A52-A4026-2-15-15165054651,A52,42.712501525878906,23.41193962097168,A1093,,2026-01-21 15:01:40+00:00
A3631,A72-A3039-1-17-18079309831,A72,42.65704345703125,23.41475486755371,A0974,,2026-01-21 15:01:38+00:00
A3127,A81-A4234-9-13-42846132941,A81,42.65099334716797,23.378664016723633,A0169,,2026-01-21 15:01:42+00:00
A3632,A78-A1350-4-15-17788273151,A78,42.548789978027344,23.36417579650879,A1373,,2026-01-21 15:01:43+00:00
A1314,A105-A3461-1-9-21539890271,A105,42.650474548339844,23.217166900634766,A1416,,2026-01-21 15:01:40+00:00
TM2338,TM55-TM1751-1-17-10207457221,TM55,42.71605682373047,23.309396743774414,TM1254,,2026-01-21 15:01:39+00:00
TB1603,TB32-TB1094-4-14-39662133331,TB32,42.68180847167969,23.349788665771484,TB1820,,2026-01-21 15:01:39+00:00
TB1624,TB4-TB192-5-17-33874768131,TB4,42.6872673034668,23.31084442138672,TB0363,,2026-01-21 15:01:43+00:00
TB5045,TB35-TB915-1-14-14002095321,TB35,42.67189407348633,23.251638412475586,TB1845,,2026-01-21 15:01:40+00:00
TM3410,TM32-TM1797-10-13-30092207131,TM32,42.74235534667969,23.28092384338379,TM0593,,2026-01-21 15:01:38+00:00
A1611,A217-A2792-2-12-18463793751,A217,42.6578483581543,23.386240005493164,A2740,,2026-01-21 15:01:42+00:00
TM3018,TM24-TM936-9-13-16033812001,TM24,42.681060791015625,23.33203887939453,TM1880,,2026-01-21 15:01:41+00:00
A1619,A4-A93-2-11-23345298621,A4,42.702537536621094,23.338212966918945,A1314,,2026-01-21 15:01:38+00:00
A2088,A68-A4109-2-11-19097707771,A68,42.61071014404297,23.399415969848633,A0535,,2026-01-21 15:01:35+00:00
A7077,A43-A3405-2-14-2875204691,A43,42.742862701416016,23.346073150634766,A0806,,2026-01-21 15:01:41+00:00
TM4118,TM20-TM652-9-14-21672869801,TM20,42.674991607666016,23.376543045043945,TM0597,,2026-01-21 15:01:43+00:00
A3144,A84-A3694-1-14-36419210061,A84,42.68419647216797,23.32331657409668,A0401,,2026-01-21 15:01:38+00:00
A2817,A32-A3661-1-19-8295892651,A32,42.74127960205078,23.345077514648438,A1267,,2026-01-21 15:01:40+00:00
TB2821,TB10-TB11-2-13-9493358841,TB10,42.70561981201172,23.31199836730957,TB2102,,2026-01-21 15:01:41+00:00
A1851,A26-A4261-2-14-17194476341,A26,42.72119140625,23.284832000732422,A1201,,2026-01-21 15:01:40+00:00
A2819,A59-A1734-3-17-23236206821,A59,42.73173904418945,23.253225326538086,A1140,,2026-01-21 15:01:39+00:00
A3122,A90-A3968-3-11-26023178861,A90,42.623748779296875,23.37958335876465,A2494,,2026-01-21 15:01:28+00:00
A7109,A34-A1598-8-11-2035504791,A34,42.76254653930664,23.489133834838867,A2264,,2026-01-21 15:01:39+00:00
TB5040,TB36-TB1014-2-17-1094213891,TB36,42.704593658447266,23.31150245666504,TB2101,,2026-01-21 15:01:41+00:00
A7059,A110-A3408-5-11-16794236451,A110,42.69915771484375,23.361265182495117,A2214,,2026-01-21 15:01:39+00:00
A1618,A4-A93-1-13-23345298621,A4,42.703651428222656,23.298198699951172,A1051,,2026-01-21 15:01:40+00:00
TB1669,TB9-TB13-1-15-22108036401,TB9,42.692935943603516,23.33432960510254,TB1699,,2026-01-21 15:01:38+00:00
A3120,A87-A1221-5-15-5610317481,A87,42.70131301879883,23.340723037719727,A0468,,2026-01-21 15:01:40+00:00
A7135,A13-A4240-1-24-452380061,A13,42.725624084472656,23.261075973510742,A1062,,2026-01-21 15:01:41+00:00
A3146,A84-A2228-5-13-36419210061,A84,42.64003372192383,23.415857315063477,A0612,,2026-01-21 15:00:34+00:00
A3410,A77-A3578-2-17-20602448631,A77,42.64002990722656,23.3344669342041,A0658,,2026-01-21 15:01:40+00:00
A1137,A12-A860-4-10-5165752811,A12,42.67500305175781,23.30794334411621,A0623,,2026-01-21 15:01:39+00:00
A7179,A42-A2857-3-14-18111250661,A42,42.70466613769531,23.33135414123535,A1312,,2026-01-21 15:01:39+00:00
A3654,A99-A3858-3-19-35998379791,A99,42.66577911376953,23.372577667236328,A1695,,2026-01-21 15:01:42+00:00
TM3005,TM24-TM935-3-14-16033812001,TM24,42.68156433105469,23.33173370361328,TM0387,,2026-01-21 15:01:38+00:00
A1017,A254-A3819-1-47-40087220971,A254,42.67998504638672,23.240644454956055,A2846,,2026-01-21 15:00:20+00:00
A3013,A2-A3909-3-18-17658896101,A2,42.69315719604492,23.35456657409668,A2259,,2026-01-21 15:01:39+00:00
TB2806,TB10-TB11-5-15-9493358841,TB10,42.70250701904297,23.351259231567383,TB1103,,2026-01-21 15:01:42+00:00
A1170,A9-A4257-4-11-268767471,A9,42.73122024536133,23.313758850097656,A1764,,2026-01-21 15:01:38+00:00
A2300,A58-A96-6-16-25155018941,A58,42.67020797729492,23.365802764892578,A0494,,2026-01-21 15:01:38+00:00
TB1657,TB3-TB866-2-16-6015886401,TB3,42.699501037597656,23.310117721557617,TB2114,,2026-01-21 15:01:39+00:00
A1151,A9-A4256-8-11-268767471,A9,42.710899353027344,23.29216957092285,A1253,,2026-01-21 15:01:41+00:00
A1319,A193-A1696-2-17-17683996031,A193,42.721336364746094,23.188390731811523,A0790,,2026-01-21 15:01:39+00:00
A7095,A40-A2815-5-13-2849511631,A40,42.714866638183594,23.339149475097656,A2332,,2026-01-21 15:01:41+00:00
A7083,A110-A3408-1-13-16794236451,A110,42.73102951049805,23.55788803100586,A2817,,2026-01-21 15:01:42+00:00
A1032,A256-A3827-3-24-18201644811,A256,42.6443977355957,23.333688735961914,A2320,,2026-01-21 15:01:42+00:00
TM3040,TM24-TM935-4-16-16033812001,TM24,42.67621994018555,23.333446502685547,TM1879,,2026-01-21 15:01:39+00:00
TB2802,TB8-TB19-10-15-22437657501,TB8,42.70368194580078,23.328907012939453,TB2205,,2026-01-21 15:01:40+00:00
TM2352,TM30-TM1298-9-16-9227725961,TM30,42.68839645385742,23.31517219543457,TM0365,,2026-01-21 15:01:39+00:00
A3156,A84-A3694-3-14-36419210061,A84,42.65513229370117,23.39994239807129,A0160,,2026-01-21 15:01:41+00:00
A7165,A38-A1054-2-12-26141008631,A38,42.70390701293945,23.38678741455078,A2180,,2026-01-21 15:01:39+00:00
A1409,A6-A4135-5-14-38661970831,A6,42.67850875854492,23.298870086669922,A1306,,2026-01-21 15:01:43+00:00
TB5055,TB36-TB1013-7-18-1094213891,TB36,42.70530700683594,23.31154441833496,TB2171,,2026-01-21 15:01:40+00:00
TB1672,TB3-TB866-4-16-6015886401,TB3,42.680816650390625,23.351449966430664,TB0073,,2026-01-21 15:01:39+00:00
A7079,A56-A1496-2-10-13905593331,A56,42.739784240722656,23.30927085876465,A0151,,2026-01-21 15:01:39+00:00
A2305,A55-A197-3-18-3246077781,A55,42.733680725097656,23.30976104736328,A2574,,2026-01-21 15:01:38+00:00
A2601,A37-A3851-5-16-17950310781,A37,42.702064514160156,23.35055160522461,A2118,,2026-01-21 15:01:42+00:00
A2319,A58-A97-9-17-25155018941,A58,42.694217681884766,23.3347225189209,A1697,,2026-01-21 15:00:15+00:00
TM4174,TM20-TM652-7-14-21672869801,TM20,42.69631576538086,23.344205856323242,TM2169,,2026-01-21 15:01:41+00:00
TM3409,TM32-TM1162-4-12-30092207131,TM32,42.71229934692383,23.317434310913086,TM1255,,2026-01-21 15:01:41+00:00
TB1623,TB2-TB638-4-15-14637221171,TB2,42.65579605102539,23.407306671142578,TB0516,,2026-01-21 15:01:40+00:00
TB1616,TB1-TB3-3-16-9164007201,TB1,42.658172607421875,23.393558502197266,TB0372,,2026-01-21 15:01:43+00:00
A2308,A167-A2663-2-17-39836585131,A167,42.653568267822266,23.347333908081055,A1397,,2026-01-21 15:01:42+00:00
TM2349,TM51-TM727-1-17-18049020291,TM51,42.70714569091797,23.325366973876953,TM1939,,2026-01-21 15:01:42+00:00
TB5012,TB43-TB990-5-21-9362662841,TB43,42.6748161315918,23.3759708404541,TB1155,,2026-01-21 15:01:40+00:00
A2504,A106-A3574-3-18-28757379261,A106,42.65380859375,23.31577491760254,A0786,,2026-01-21 15:01:39+00:00
TM2303,TM55-TM1752-4-16-10207457221,TM55,42.715702056884766,23.309446334838867,TM1775,,2026-01-21 15:01:40+00:00
A1130,A98-A1365-3-25-8941246131,A98,42.77244186401367,23.186304092407227,A2503,,2026-01-21 15:01:39+00:00
A1819,A105-A3614-4-16-21539890271,A105,42.669403076171875,23.254451751708984,A0345,,2026-01-21 15:01:39+00:00
A1150,A9-A4257-13-11-268767471,A9,42.67133331298828,23.295127868652344,A2088,,2026-01-21 15:01:42+00:00
A3017,A2-A3910-2-21-17658896101,A2,42.69400405883789,23.347564697265625,A2258,,2026-01-21 15:01:41+00:00
A7051,A109-A2566-3-11-36487451391,A109,42.848472595214844,23.26962661743164,A2614,,2026-01-21 15:01:40+00:00
A7071,A27-A4316-4-16-36496659661,A27,42.71117401123047,23.18950080871582,A1378,,2026-01-21 15:01:40+00:00
TM2043,TM32-TM1797-9-14-30092207131,TM32,42.73573303222656,23.30521011352539,TM1901,,2026-01-21 15:01:40+00:00
TM2358,TM30-TM1298-8-19-9227725961,TM30,42.7116813659668,23.318618774414062,TM1255,,2026-01-21 15:01:42+00:00
TB1611,TB32-TB320-1-16-39662133331,TB32,42.70845413208008,23.369457244873047,TB2125,,2026-01-21 15:01:43+00:00
A7055,A34-A1598-7-11-2035504791,A34,42.71754455566406,23.440778732299805,A1354,,2026-01-21 15:01:41+00:00
A1620,A12-A859-8-11-5165752811,A12,42.643218994140625,23.334213256835938,A2509,,2026-01-21 15:01:42+00:00
A3148,A84-A2228-9-11-36419210061,A84,42.67179870605469,23.29465103149414,A0314,,2026-01-21 15:01:39+00:00
A2010,A57-A140-7-18-5461188771,A57,42.678253173828125,23.32492446899414,A1569,,2026-01-21 15:01:40+00:00
TB5037,TB39-TB952-11-11-21833271561,TB39,42.677181243896484,23.25352668762207,TB0067,,2026-01-21 15:01:41+00:00
A1205,A26-A4261-3-16-17194476341,A26,42.721805572509766,23.241336822509766,A0199,,2026-01-21 15:01:42+00:00
A2066,A103-A1737-3-21-40450335951,A103,42.74374008178711,23.267791748046875,A1815,,2026-01-21 15:01:42+00:00
A2082,A48-A2495-6-9-1765699081,A48,42.81031036376953,23.37663459777832,A1626,,2026-01-21 15:01:40+00:00
A3665,A100-A2710-5-15-28074017761,A100,42.69610595703125,23.361574172973633,A1846,,2026-01-21 15:01:39+00:00
TM3030,TM24-TM935-5-17-16033812001,TM24,42.66437911987305,23.317502975463867,TM2039,,2026-01-21 15:01:42+00:00
A7089,A13-A4240-4-14-452380061,A13,42.764434814453125,23.275104522705078,A2690,,2026-01-21 15:01:38+00:00
TM4184,TM22-TM3-3-16-5799033071,TM22,42.70021438598633,23.322734832763672,TM0379,,2026-01-21 15:01:41+00:00
A1614,A3-A2386-5-10-10205602451,A3,42.72516632080078,23.243921279907227,A2774,,2026-01-21 15:01:40+00:00
TM2329,TM51-TM726-6-19-18049020291,TM51,42.70988082885742,23.318456649780273,TM1993,,2026-01-21 15:01:39+00:00
A3620,A75-A2659-2-19-41453276541,A75,42.671730041503906,23.394716262817383,A1452,,2026-01-21 15:01:41+00:00
A1825,A8-A1074-3-19-18813981581,A8,42.70493698120117,23.285144805908203,A0282,,2026-01-21 15:01:39+00:00
TB2801,TB8-TB18-9-20-22437657501,TB8,42.70391845703125,23.328725814819336,TB2122,,2026-01-21 15:01:42+00:00
TB1666,TB9-TB13-12-14-22108036401,TB9,42.70628356933594,23.350828170776367,TB2736,,2026-01-21 15:01:42+00:00
A1610,A4-A94-4-10-23345298621,A4,42.69648361206055,23.349794387817383,A0466,,2026-01-21 15:01:41+00:00
A1867,A101-A3611-1-16-32642433461,A101,42.71528625488281,23.210161209106445,A2317,,2026-01-21 15:01:40+00:00
TB1625,TB32-TB320-2-14-39662133331,TB32,42.68977355957031,23.338808059692383,TB1699,,2026-01-21 15:01:39+00:00
TM2351,TM51-TM726-7-17-18049020291,TM51,42.71769332885742,23.337875366210938,TM0796,,2026-01-21 15:01:40+00:00
A7091,A34-A1597-3-8-2035504791,A34,42.78555679321289,23.50261688232422,A2637,,2026-01-21 15:01:43+00:00
TM3025,TM40-TM1761-3-15-23433951601,TM40,42.692195892333984,23.31100845336914,TM1279,,2026-01-21 15:01:43+00:00
A7073,A34-A1597-4-12-2035504791,A34,42.73915481567383,23.5045108795166,A0770,,2026-01-21 15:01:42+00:00
TM4161,TM22-TM4-16-17-5799033071,TM22,42.69457244873047,23.292236328125,TM1247,,2026-01-21 15:01:39+00:00
TB1674,TB9-TB12-11-14-22108036401,TB9,42.698883056640625,23.337976455688477,TB2012,,2026-01-21 15:01:40+00:00
A1227,A251-A3648-1-20-18995100561,A251,42.66625213623047,23.284929275512695,A6275,,2026-01-21 15:01:39+00:00
A3669,A100-A674-1-16-28074017761,A100,42.66457748413086,23.3887882232666,A1985,,2026-01-21 15:01:39+00:00
A2823,A44-A1070-1-26-9406785791,A44,42.70576477050781,23.316280364990234,A2081,,2026-01-21 15:01:42+00:00
A3100,A90-A3968-4-9-26023178861,A90,42.649864196777344,23.360027313232422,A1589,,2026-01-21 15:01:39+00:00
TM3036,TM24-TM936-8-16-16033812001,TM24,42.67422866821289,23.327754974365234,TM0574,,2026-01-21 15:01:38+00:00
A2060,A48-A4364-1-10-1765699081,A48,42.72238540649414,23.306995391845703,A0539,,2026-01-21 15:01:39+00:00
A1605,A4-A94-6-12-23345298621,A4,42.689239501953125,23.277023315429688,A0631,,2026-01-21 15:01:42+00:00
TM3014,TM40-TM1761-2-17-23433951601,TM40,42.686702728271484,23.330602645874023,TM0386,,2026-01-21 15:01:38+00:00
TB2682,TB10-TB11-6-13-9493358841,TB10,42.71342849731445,23.38177490234375,TB0127,,2026-01-21 15:01:43+00:00
A3634,A99-A1316-6-21-35998379791,A99,42.67145919799805,23.39386749267578,A1452,,2026-01-21 15:01:42+00:00
TB1665,TB3-TB295-7-18-6015886401,TB3,42.6866455078125,23.324462890625,TB0927,,2026-01-21 15:01:38+00:00
A3660,A77-A1725-5-18-20602448631,A77,42.65548324584961,23.33627700805664,A0603,,2026-01-21 15:01:38+00:00
TM3028,TM24-TM936-14-16-16033812001,TM24,42.70956039428711,23.287765502929688,TM2228,,2026-01-21 15:01:41+00:00
A1175,A9-A4256-9-12-268767471,A9,42.679710388183594,23.28331184387207,A0080,,2026-01-21 15:01:43+00:00
TM3017,TM40-TM1761-1-15-23433951601,TM40,42.665435791015625,23.317626953125,TM0911,,2026-01-21 15:01:41+00:00
TM2046,TM28-TM251-1-16-19048400351,TM28,42.69999694824219,23.30061149597168,TM1050,,2026-01-21 15:01:39+00:00
A1604,A3-A2386-2-9-10205602451,A3,42.637298583984375,23.32289695739746,A1459,,2026-01-21 15:01:41+00:00
A1857,A22-A4177-2-17-37149831821,A22,42.696678161621094,23.22394561767578,A0943,,2026-01-21 15:01:42+00:00
TB5032,TB39-TB1006-15-9-21833271561,TB39,42.67666244506836,23.26831817626953,TB0095,,2026-01-21 15:01:40+00:00
A3623,A100-A674-7-14-28074017761,A100,42.69705581665039,23.355295181274414,A0471,,2026-01-21 15:01:42+00:00
TB5007,TB43-TB991-3-24-9362662841,TB43,42.667076110839844,23.365049362182617,TB0494,,2026-01-21 15:01:39+00:00
TB2698,TB6-TB1083-7-13-23464477111,TB6,42.72257614135742,23.241962432861328,TB0197,,2026-01-21 15:01:43+00:00
A3400,A76-A1102-2-8-22870060761,A76,42.70963668823242,23.392606735229492,A1582,,2026-01-21 15:01:38+00:00
TB1630,TB2-TB638-5-17-14637221171,TB2,42.674072265625,23.38115692138672,TB0370,,2026-01-21 15:01:42+00:00
TM2347,TM30-TM1299-5-17-9227725961,TM30,42.706642150878906,23.31787872314453,TM0377,,2026-01-21 15:01:41+00:00
A1871,A3-A2386-3-11-10205602451,A3,42.671695709228516,23.25177764892578,A0350,,2026-01-21 15:01:41+00:00
A1821,A24-A71-2-22-14850050491,A24,42.6557731628418,23.232391357421875,A1883,,2026-01-21 15:01:38+00:00
A7175,A56-A1497-7-17-13905593331,A56,42.70432662963867,23.3284969329834,A1315,,2026-01-21 15:01:39+00:00
TM2339,TM34-TM125-4-23-39355177591,TM34,42.71640396118164,23.3400936126709,TM0796,,2026-01-21 15:01:41+00:00
A2053,A68-A4110-3-12-19097707771,A68,42.55851364135742,23.455427169799805,A0104,,2026-01-21 15:01:40+00:00
A2037,A60-A3725-4-17-5134671501,A60,42.706390380859375,23.301332473754883,A0804,,2026-01-21 15:01:40+00:00
TM3403,TM32-TM1797-6-13-30092207131,TM32,42.67630386352539,23.308610916137695,TM0624,,2026-01-21 15:01:39+00:00
TM2357,TM25-TM85-11-25-35049760591,TM25,42.66501235961914,23.259733200073242,TM0349,,2026-01-21 15:01:41+00:00
TB2689,TB6-TB1084-9-13-23464477111,TB6,42.72926712036133,23.247066497802734,TB0153,,2026-01-21 15:01:41+00:00
A3661,A79-A4148-1-11-29727223181,A79,42.48162841796875,23.409942626953125,A1447,,2026-01-21 15:01:39+00:00
A1617,A4-A94-7-12-23345298621,A4,42.68874740600586,23.24216079711914,A0174,,2026-01-21 15:01:42+00:00
A2013,A57-A140-5-18-5461188771,A57,42.66232681274414,23.345502853393555,A0318,,2026-01-21 15:01:39+00:00
TB2694,TB7-TB779-5-12-1383802291,TB7,42.69700622558594,23.309404373168945,TB0284,,2026-01-21 15:01:42+00:00
A2069,A68-A4110-4-10-19097707771,A68,42.65669250488281,23.384862899780273,A0084,,2026-01-21 15:01:40+00:00
A2067,A70-A3107-1-18-34272789451,A70,42.60160827636719,23.482973098754883,A0952,,2026-01-21 15:01:40+00:00
A1837,A101-A1590-4-11-32642433461,A101,42.71865463256836,23.236858367919922,A2132,,2026-01-21 15:01:40+00:00
A3612,A76-A2225-4-11-22870060761,A76,42.65972137451172,23.464889526367188,A6642,,2026-01-21 15:01:39+00:00
A2307,A58-A97-12-17-25155018941,A58,42.66682434082031,23.364877700805664,A0492,,2026-01-21 15:01:41+00:00
TM2052,TM28-TM250-4-17-19048400351,TM28,42.6980094909668,23.313444137573242,TM1271,,2026-01-21 15:01:39+00:00
A2302,A58-A96-2-18-25155018941,A58,42.64371109008789,23.34514808654785,A1606,,2026-01-21 15:01:39+00:00
TM2305,TM34-TM124-6-22-39355177591,TM34,42.7069091796875,23.323833465576172,TM2001,,2026-01-21 15:01:39+00:00
A3112,A84-A2228-6-13-36419210061,A84,42.65117263793945,23.40595817565918,A0190,,2026-01-21 15:01:41+00:00
TB1653,TB9-TB12-9-15-22108036401,TB9,42.68897247314453,23.3199520111084,TB0366,,2026-01-21 15:01:41+00:00
A7111,A27-A4318-1-18-36496659661,A27,42.72578811645508,23.244386672973633,A0200,,2026-01-21 15:01:41+00:00
A1232,A3-A2386-17-9-10205602451,A3,42.65446090698242,23.371395111083984,A0023,,2026-01-21 15:01:39+00:00
TM2355,TM34-TM125-2-23-39355177591,TM34,42.69374465942383,23.322805404663086,TM1908,,2026-01-21 15:01:39+00:00
TM2333,TM30-TM1299-3-19-9227725961,TM30,42.68180847167969,23.31340980529785,TM1737,,2026-01-21 15:01:40+00:00
TB2809,TB7-TB779-4-10-1383802291,TB7,42.7169075012207,23.28029441833496,TB2092,,2026-01-21 15:01:41+00:00
A1843,A29-A116-3-16-13050759071,A29,42.668670654296875,23.25411033630371,A0346,,2026-01-21 15:01:40+00:00
TB2681,TB7-TB779-7-12-1383802291,TB7,42.67464828491211,23.309343338012695,TB0647,,2026-01-21 15:01:41+00:00
TB2693,TB7-TB780-11-12-1383802291,TB7,42.69660568237305,23.309038162231445,TB1295,,2026-01-21 15:01:39+00:00
A7043,A50-A4367-2-15-39340095991,A50,42.846923828125,23.271081924438477,A2614,,2026-01-21 15:01:38+00:00
A1206,A108-A407-3-21-35186208211,A108,42.69001770019531,23.30620002746582,A1296,,2026-01-21 15:01:39+00:00
A1158,A12-A859-1-13-5165752811,A12,42.68928527832031,23.245832443237305,A0191,,2026-01-21 15:01:38+00:00
TM4182,TM22-TM3-7-15-5799033071,TM22,42.70232009887695,23.382253646850586,TM2159,,2026-01-21 15:01:38+00:00
TB2680,TB6-TB1084-2-12-23464477111,TB6,42.68231201171875,23.32089614868164,TB0396,,2026-01-21 15:01:39+00:00
TB5053,TB39-TB1006-17-10-21833271561,TB39,42.657470703125,23.31215476989746,TB1801,,2026-01-21 15:01:43+00:00
TM0679,TM33-TM553-1-17-6102957891,TM33,42.709407806396484,23.322528839111328,TM2003,,2026-01-21 15:01:41+00:00
A7047,A104-A4366-8-14-40585987471,A104,42.82625961303711,23.35112762451172,A1576,,2026-01-21 15:01:40+00:00
TM2323,TM32-TM1162-5-14-30092207131,TM32,42.687400817871094,23.316497802734375,TM0365,,2026-01-21 15:01:42+00:00
TB2804,TB10-TB10-10-14-9493358841,TB10,42.688602447509766,23.3150691986084,TB1139,,2026-01-21 15:01:40+00:00
A3715,A76-A2225-3-11-22870060761,A76,42.70907974243164,23.38413429260254,A2181,,2026-01-21 15:01:42+00:00
A3139,A90-A3969-9-10-26023178861,A90,42.693519592285156,23.355426788330078,A0467,,2026-01-21 15:01:42+00:00
A7067,A40-A2815-1-15-2849511631,A40,42.76176834106445,23.422454833984375,A0508,,2026-01-21 15:01:34+00:00
A1407,A8-A1075-1-20-18813981581,A8,42.707115173339844,23.284677505493164,A2229,,2026-01-21 15:01:43+00:00
A1401,A3-A2387-13-10-10205602451,A3,42.63573455810547,23.327421188354492,A1456,,2026-01-21 15:01:38+00:00
A2031,A37-A3851-4-14-17950310781,A37,42.691932678222656,23.351316452026367,A1492,,2026-01-21 15:01:42+00:00
A1223,A252-A3647-1-17-39694654531,A252,42.660369873046875,23.31667137145996,A0342,,2026-01-21 15:01:38+00:00
A1177,A12-A859-12-12-5165752811,A12,42.685585021972656,23.274221420288086,A0569,,2026-01-21 15:01:42+00:00
TM3408,TM29-TM1448-2-11-23634710001,TM29,42.659854888916016,23.24536895751953,TM0851,,2026-01-21 15:01:40+00:00
TM4112,TM20-TM652-6-14-21672869801,TM20,42.70064926147461,23.313657760620117,TM1058,,2026-01-21 15:01:37+00:00
A1302,A25-A2233-1-17-22312777301,A25,42.686431884765625,23.300607681274414,A2543,,2026-01-21 15:01:25+00:00
A3142,A81-A4233-5-12-42846132941,A81,42.686500549316406,23.3303279876709,A1808,,2026-01-21 15:01:42+00:00
TB2813,TB10-TB11-4-13-9493358841,TB10,42.69223403930664,23.333738327026367,TB1902,,2026-01-21 15:01:40+00:00
A1164,A12-A860-7-13-5165752811,A12,42.64699172973633,23.34610366821289,A1609,,2026-01-21 15:01:40+00:00
A2831,A32-A3904-2-19-8295892651,A32,42.72988510131836,23.325088500976562,A0549,,2026-01-21 15:01:39+00:00
A1216,A6-A4135-4-12-38661970831,A6,42.645668029785156,23.275224685668945,A0435,,2026-01-21 15:01:41+00:00
TB1608,TB2-TB638-6-17-14637221171,TB2,42.69298553466797,23.33449363708496,TB1700,,2026-01-21 15:01:41+00:00
A7167,A36-A1428-2-19-17245829331,A36,42.739166259765625,23.511768341064453,A1235,,2026-01-21 15:01:43+00:00
A3622,A121-A4220-3-40-16235495031,A121,42.710445404052734,23.245826721191406,A1703,,2026-01-21 15:01:42+00:00
A1169,A3-A2387-9-10-10205602451,A3,42.72331619262695,23.25837516784668,A1782,,2026-01-21 15:01:39+00:00
TM3027,TM24-TM935-1-16-16033812001,TM24,42.69658660888672,23.315353393554688,TM1270,,2026-01-21 15:01:43+00:00
A2161,A52-A4026-5-16-15165054651,A52,42.70571517944336,23.323760986328125,A1327,,2026-01-21 15:01:42+00:00
A3138,A90-A3968-7-11-26023178861,A90,42.71024703979492,23.318449020385742,A1326,,2026-01-21 15:01:41+00:00
A2509,A1-A1059-8-12-9756953121,A1,42.68203353881836,23.318395614624023,A0398,,2026-01-21 15:01:43+00:00
A3108,A82-A2375-6-11-36054527711,A82,42.65105438232422,23.378915786743164,A0218,,2026-01-21 15:01:41+00:00
TM4152,TM22-TM3-18-18-5799033071,TM22,42.69120407104492,23.278972625732422,TM0632,,2026-01-21 15:00:50+00:00
TM2304,TM55-TM1752-6-16-10207457221,TM55,42.68305206298828,23.314712524414062,TM0357,,2026-01-21 15:01:43+00:00
TB2695,TB8-TB18-8-20-22437657501,TB8,42.690616607666016,23.323457717895508,TB1422,,2026-01-21 15:01:38+00:00
A2084,A103-A1738-1-20-40450335951,A103,42.75516891479492,23.271827697753906,A2686,,2026-01-21 15:01:42+00:00
A2153,A53-A4381-3-17-4067422331,A53,42.691490173339844,23.379981994628906,A0913,,2026-01-21 15:01:43+00:00
TM4103,TM20-TM8-2-13-21672869801,TM20,42.668060302734375,23.401952743530273,TM0027,,2026-01-21 15:01:39+00:00
A3103,A81-A4233-6-12-42846132941,A81,42.65291213989258,23.380136489868164,A2319,,2026-01-21 15:01:42+00:00
TM4149,TM22-TM39-10-16-5799033071,TM22,42.701969146728516,23.380399703979492,TM2130,,2026-01-21 15:01:41+00:00
A2801,A54-A1732-4-15-4922123331,A54,42.71976089477539,23.274831771850586,A2090,,2026-01-21 15:01:38+00:00
A3626,A91-A967-1-15-25220171271,A91,42.66739273071289,23.401592254638672,A2369,,2026-01-21 15:01:39+00:00
TM2346,TM34-TM125-3-25-39355177591,TM34,42.70210647583008,23.323074340820312,TM2337,,2026-01-21 15:01:38+00:00
A1159,A12-A859-9-12-5165752811,A12,42.65484619140625,23.33612823486328,A0822,,2026-01-21 15:01:39+00:00
TB2503,TB41-TB1029-1-15-33800151801,TB41,42.66438293457031,23.266468048095703,TB0867,,2026-01-21 15:01:43+00:00
A3406,A77-A3578-3-18-20602448631,A77,42.659786224365234,23.3478946685791,A0315,,2026-01-21 15:01:41+00:00
A3133,A85-A4231-6-14-10103182621,A85,42.69398498535156,23.346677780151367,A1725,,2026-01-21 15:01:40+00:00
A1172,A217-A2792-3-14-18463793751,A217,42.6545295715332,23.280513763427734,A0868,,2026-01-21 15:01:40+00:00
TM3035,TM24-TM936-13-15-16033812001,TM24,42.70318603515625,23.298053741455078,TM1051,,2026-01-21 15:01:41+00:00
TM4180,TM22-TM4-12-16-5799033071,TM22,42.69633865356445,23.344898223876953,TM1727,,2026-01-21 15:01:41+00:00
A1225,A251-A3649-2-16-18995100561,A251,42.63653564453125,23.372896194458008,A2754,,2026-01-21 15:01:39+00:00
A3125,A87-A1222-7-14-5610317481,A87,42.66808319091797,23.369638442993164,A1258,,2026-01-21 15:01:40+00:00
TM2306,TM34-TM124-5-25-39355177591,TM34,42.71177291870117,23.337265014648438,TM0797,,2026-01-21 15:01:40+00:00
A2728,A52-A4026-1-17-15165054651,A52,42.71091842651367,23.38019371032715,A1754,,2026-01-21 15:01:42+00:00
TM2342,TM25-TM86-5-28-35049760591,TM25,42.69166946411133,23.30961036682129,TM0758,,2026-01-21 15:01:40+00:00
A3668,A91-A967-3-15-25220171271,A91,42.6800651550293,23.30523681640625,A1736,,2026-01-21 15:01:40+00:00
A1809,A108-A407-4-21-35186208211,A108,42.67066192626953,23.252859115600586,A0350,,2026-01-21 15:01:41+00:00
A1226,A26-A4260-1-17-17194476341,A26,42.73540496826172,23.317447662353516,A0728,,2026-01-21 15:01:40+00:00
A1182,A217-A2791-4-13-18463793751,A217,42.67930603027344,23.3015193939209,A0308,,2026-01-21 15:01:42+00:00
TM4111,TM20-TM8-1-15-21672869801,TM20,42.656288146972656,23.4144229888916,TM0519,,2026-01-21 15:01:11+00:00
A3116,A87-A1222-6-14-5610317481,A87,42.705108642578125,23.325401306152344,A1327,,2026-01-21 15:01:39+00:00
TM4158,TM22-TM4-11-16-5799033071,TM22,42.70101547241211,23.375099182128906,TM2160,,2026-01-21 15:01:39+00:00
TB2819,TB7-TB780-1-13-1383802291,TB7,42.71461486816406,23.25775146484375,TB0253,,2026-01-21 15:01:42+00:00
A3653,A77-A3578-1-18-20602448631,A77,42.62302017211914,23.332401275634766,A0427,,2026-01-21 15:01:43+00:00
TB1606,TB32-TB1094-5-16-39662133331,TB32,42.70895004272461,23.36665153503418,TB1613,,2026-01-21 15:01:40+00:00
A7133,A104-A4366-3-16-40585987471,A104,42.71125793457031,23.309402465820312,A2116,,2026-01-21 15:01:42+00:00
A3154,A84-A3694-13-12-36419210061,A84,42.67588806152344,23.288938522338867,A2136,,2026-01-21 15:01:38+00:00
TM3016,TM24-TM935-17-15-16033812001,TM24,42.699337005615234,23.305009841918945,TM2076,,2026-01-21 15:01:38+00:00
A3111,A85-A4231-7-16-10103182621,A85,42.65358352661133,23.380577087402344,A2319,,2026-01-21 15:01:39+00:00
TM2332,TM30-TM1299-4-18-9227725961,TM30,42.690650939941406,23.314245223999023,TM0364,,2026-01-21 15:01:43+00:00
TB2677,TB6-TB1083-3-13-23464477111,TB6,42.677982330322266,23.31953239440918,TB0648,,2026-01-21 15:01:40+00:00
A1168,A9-A4257-2-11-268767471,A9,42.7111701965332,23.291248321533203,A2097,,2026-01-21 15:01:38+00:00
TM2350,TM25-TM85-12-27-35049760591,TM25,42.6597900390625,23.245027542114258,TM2260,,2026-01-21 15:01:41+00:00
TM3015,TM40-TM1762-6-17-23433951601,TM40,42.6948127746582,23.321962356567383,TM2825,,2026-01-21 15:01:40+00:00
TB2678,TB6-TB1084-11-13-23464477111,TB6,42.706382751464844,23.307279586791992,TB0325,,2026-01-21 15:01:40+00:00
A3607,A200-A3908-4-18-15996494161,A200,42.64755630493164,23.376537322998047,A2742,,2026-01-21 15:01:41+00:00
A1207,A26-A4260-5-13-17194476341,A26,42.71951675415039,23.285634994506836,A2399,,2026-01-21 15:01:42+00:00
A7125,A40-A2817-3-14-2849511631,A40,42.76886749267578,23.405725479125977,A0507,,2026-01-21 15:01:42+00:00
A1181,A9-A4256-10-12-268767471,A9,42.671348571777344,23.295263290405273,A0290,,2026-01-21 15:01:39+00:00
A1212,A8-A1074-4-17-18813981581,A8,42.712791442871094,23.3033390045166,A1971,,2026-01-21 15:01:39+00:00
A7069,A27-A4316-3-13-36496659661,A27,42.72845458984375,23.258913040161133,A1062,,2026-01-21 15:01:38+00:00
A3014,A100-A674-2-14-28074017761,A100,42.64921569824219,23.41682243347168,A0226,,2026-01-21 15:01:42+00:00
TB2825,TB6-TB1083-5-13-23464477111,TB6,42.70572280883789,23.309616088867188,TB2087,,2026-01-21 15:01:38+00:00
TB1660,TB9-TB12-7-12-22108036401,TB9,42.67599105834961,23.288541793823242,TB2136,,2026-01-21 15:01:40+00:00
A3601,A91-A968-6-12-25220171271,A91,42.65883255004883,23.387104034423828,A2593,,2026-01-21 15:01:40+00:00
TM3418,TM29-TM1448-6-13-23634710001,TM29,42.73383712768555,23.31733512878418,TM0728,,2026-01-21 15:01:41+00:00
TM2345,TM30-TM1298-10-18-9227725961,TM30,42.68157958984375,23.312610626220703,TM0357,,2026-01-21 15:01:41+00:00
A3121,A82-A53-4-12-36054527711,A82,42.669708251953125,23.39914894104004,A0608,,2026-01-21 15:01:41+00:00
A7099,A104-A2644-5-15-40585987471,A104,42.78754425048828,23.326326370239258,A1186,,2026-01-21 15:01:39+00:00
TB5010,TB43-TB990-1-25-9362662841,TB43,42.65933609008789,23.347265243530273,TB0316,,2026-01-21 15:01:41+00:00
A2033,A167-A2664-4-4-39836585131,A167,42.644935607910156,23.34520149230957,A1694,,2026-01-21 15:01:42+00:00
A2507,A1-A1058-12-12-9756953121,A1,42.69572448730469,23.28791618347168,A0292,,2026-01-21 15:01:38+00:00
TM2317,TM55-TM1752-7-17-10207457221,TM55,42.66975402832031,23.292207717895508,TM0313,,2026-01-21 15:01:39+00:00
TB1612,TB1-TB2-7-15-9164007201,TB1,42.69914627075195,23.339202880859375,TB2012,,2026-01-21 15:01:41+00:00
A3408,A77-A1725-4-16-20602448631,A77,42.673500061035156,23.33685302734375,A1568,,2026-01-21 15:01:41+00:00
A3618,A69-A2093-3-16-32221638681,A69,42.649261474609375,23.372156143188477,A0247,,2026-01-21 15:01:43+00:00
TB5064,TB39-TB1006-13-9-21833271561,TB39,42.683197021484375,23.24303436279297,TB0682,,2026-01-21 15:00:33+00:00
A1833,A22-A4176-1-18-37149831821,A22,42.71047592163086,23.288551330566406,A2226,,2026-01-21 15:01:42+00:00
A2500,A1-A1059-9-13-9756953121,A1,42.6844482421875,23.301292419433594,A0419,,2026-01-21 15:01:42+00:00
A1412,A251-A3648-3-13-18995100561,A251,42.64179229736328,23.370908737182617,A0158,,2026-01-21 15:01:41+00:00
A3651,A78-A2362-2-14-17788273151,A78,42.62492752075195,23.358224868774414,A0415,,2026-01-21 15:01:41+00:00
A1167,A12-A860-5-12-5165752811,A12,42.67572021484375,23.334056854248047,A1574,,2026-01-21 15:01:39+00:00
TM3039,TM24-TM936-12-15-16033812001,TM24,42.69963836669922,23.302669525146484,TM2075,,2026-01-21 15:01:43+00:00
A2813,A54-A1731-1-16-4922123331,A54,42.72570037841797,23.254579544067383,A2272,,2026-01-21 15:01:39+00:00
A2822,A54-A1731-3-18-4922123331,A54,42.707576751708984,23.31768035888672,A0382,,2026-01-21 15:01:38+00:00
A1320,A193-A1697-1-18-17683996031,A193,42.7328987121582,23.251405715942383,A0896,,2026-01-21 15:01:39+00:00
A1184,A9-A4257-12-10-268767471,A9,42.66328430175781,23.302953720092773,A0861,,2026-01-21 15:01:39+00:00
TB5038,TB35-TB916-4-11-14002095321,TB35,42.69248962402344,23.295106887817383,TB1156,,2026-01-21 15:01:42+00:00
TM2054,TM28-TM251-2-17-19048400351,TM28,42.70777130126953,23.329143524169922,TM2000,,2026-01-21 15:01:38+00:00
A2303,A58-A97-11-15-25155018941,A58,42.66967010498047,23.368465423583984,A1695,,2026-01-21 15:01:43+00:00
A2058,A66-A2611-2-15-29083688511,A66,42.66282272338867,23.376855850219727,A2795,,2026-01-21 15:01:41+00:00
A2311,A58-A97-15-17-25155018941,A58,42.65117645263672,23.342348098754883,A1611,,2026-01-21 15:01:41+00:00
A3402,A2-A3909-4-20-17658896101,A2,42.68041229248047,23.385316848754883,A1587,,2026-01-21 15:01:42+00:00
A3119,A85-A3949-5-15-10103182621,A85,42.71005630493164,23.318422317504883,A1326,,2026-01-21 15:01:43+00:00
A2075,A66-A3105-1-18-29083688511,A66,42.67726516723633,23.369476318359375,A1151,,2026-01-21 15:01:39+00:00
A2312,A58-A96-7-18-25155018941,A58,42.690460205078125,23.33742904663086,A1287,,2026-01-21 15:01:42+00:00
TM0682,TM33-TM554-4-14-6102957891,TM33,42.72694778442383,23.312511444091797,TM0547,,2026-01-21 15:01:43+00:00
A1839,A22-A4176-3-18-37149831821,A22,42.69649887084961,23.189674377441406,A1461,,2026-01-21 15:01:40+00:00
A2029,A37-A3850-11-15-17950310781,A37,42.6751594543457,23.33916473388672,A1489,,2026-01-21 15:01:38+00:00
TM2365,TM25-TM85-9-27-35049760591,TM25,42.678550720214844,23.284727096557617,TM2109,,2026-01-21 15:01:38+00:00
A1162,A217-A2791-1-15-18463793751,A217,42.64277648925781,23.41239356994629,A0225,,2026-01-21 15:01:42+00:00
A2805,A54-A1731-2-14-4922123331,A54,42.71219253540039,23.301937103271484,A1971,,2026-01-21 15:01:41+00:00
A2310,A58-A97-10-17-25155018941,A58,42.677818298339844,23.355653762817383,A1288,,2026-01-21 15:01:38+00:00
A1029,A256-A3839-1-25-18201644811,A256,42.64524841308594,23.345233917236328,A1609,,2026-01-21 15:01:41+00:00
TM3417,TM32-TM1797-7-14-30092207131,TM32,42.69473648071289,23.315216064453125,TM1282,,2026-01-21 15:01:39+00:00
A1125,A98-A1365-2-23-8941246131,A98,42.73121643066406,23.254173278808594,A1140,,2026-01-21 15:01:40+00:00
A1420,A6-A3268-8-12-38661970831,A6,42.642005920410156,23.3120174407959,A2597,,2026-01-21 15:01:38+00:00
A2513,A1-A1059-5-13-9756953121,A1,42.68221664428711,23.36253547668457,A0403,,2026-01-21 15:01:43+00:00
TB1610,TB4-TB334-1-18-33874768131,TB4,42.66166305541992,23.295330047607422,TB0599,,2026-01-21 15:01:41+00:00
A2511,A1-A1058-13-12-9756953121,A1,42.68585205078125,23.3063907623291,A0418,,2026-01-21 15:01:41+00:00
A3656,A78-A1350-3-11-17788273151,A78,42.6509895324707,23.358840942382812,A0614,,2026-01-21 15:01:41+00:00
TM0511,TM29-TM1448-4-12-23634710001,TM29,42.69572067260742,23.287616729736328,TM1932,,2026-01-21 15:01:39+00:00
TM0932,TM29-TM1447-11-13-23634710001,TM29,42.68022537231445,23.269073486328125,TM2056,,2026-01-21 15:01:41+00:00
A1229,A101-A3611-6-14-32642433461,A101,42.70059585571289,23.125911712646484,A0446,,2026-01-21 15:01:39+00:00
A1161,A9-A4256-6-10-268767471,A9,42.732059478759766,23.312843322753906,A6698,,2026-01-21 15:01:39+00:00
A3152,A264-A4355-3-26-24172317691,A264,42.657535552978516,23.337385177612305,A0602,,2026-01-21 15:01:38+00:00
A3149,A90-A3969-8-10-26023178861,A90,42.71371078491211,23.31486701965332,A1114,,2026-01-21 15:01:42+00:00
A2021,A57-A140-4-18-5461188771,A57,42.65037155151367,23.34201431274414,A0533,,2026-01-21 15:01:39+00:00
TB1629,TB4-TB334-2-16-33874768131,TB4,42.682281494140625,23.30133628845215,TB2343,,2026-01-21 15:01:39+00:00
TM2344,TM34-TM124-1-26-39355177591,TM34,42.685794830322266,23.331045150756836,TM0300,,2026-01-21 15:01:38+00:00
TB5057,TB36-TB1014-3-19-1094213891,TB36,42.683231353759766,23.301496505737305,TB0392,,2026-01-21 15:01:40+00:00
TM2310,TM55-TM1752-3-16-10207457221,TM55,42.726505279541016,23.31510353088379,TM0477,,2026-01-21 15:00:42+00:00
A3124,A81-A4234-8-11-42846132941,A81,42.62504577636719,23.3853702545166,A6758,,2026-01-21 15:00:42+00:00
TB1609,TB4-TB334-3-18-33874768131,TB4,42.689781188964844,23.330841064453125,TB0926,,2026-01-21 15:01:39+00:00
TB5051,TB36-TB1013-5-18-1094213891,TB36,42.6644172668457,23.297555923461914,TB1224,,2026-01-21 15:01:38+00:00
A2811,A59-A1735-1-18-23236206821,A59,42.71879577636719,23.315338134765625,A0717,,2026-01-21 15:01:39+00:00
TB2805,TB8-TB18-6-18-22437657501,TB8,42.67649841308594,23.288955688476562,TB2136,,2026-01-21 15:01:42+00:00
A1204,A101-A1590-5-15-32642433461,A101,42.70942306518555,23.13401985168457,A0964,,2026-01-21 15:01:39+00:00
TB2676,TB6-TB1084-1-14-23464477111,TB6,42.69847106933594,23.334861755371094,TB1965,,2026-01-21 15:01:41+00:00
A1163,A9-A4257-1-12-268767471,A9,42.6864013671875,23.27486228942871,A0569,,2026-01-21 15:01:41+00:00
A1201,A108-A3002-2-20-35186208211,A108,42.68628692626953,23.300756454467773,A2543,,2026-01-21 15:01:39+00:00
TB1656,TB3-TB295-8-16-6015886401,TB3,42.692256927490234,23.310047149658203,TB1296,,2026-01-21 15:01:42+00:00
A3140,A81-A4233-7-12-42846132941,A81,42.633304595947266,23.3767147064209,A0220,,2026-01-21 15:01:38+00:00
A2052,A70-A2619-2-16-34272789451,A70,42.651004791259766,23.391830444335938,A1017,,2026-01-21 15:01:41+00:00
TB1661,TB3-TB866-5-18-6015886401,TB3,42.661251068115234,23.374378204345703,TB1192,,2026-01-21 15:01:42+00:00
TM0929,TM29-TM1448-5-13-23634710001,TM29,42.71406555175781,23.30658531188965,TM2115,,2026-01-21 15:01:38+00:00
A2054,A103-A1737-4-19-40450335951,A103,42.75845718383789,23.244321823120117,A1368,,2026-01-21 15:01:40+00:00
TB1652,TB9-TB13-2-12-22108036401,TB9,42.68916320800781,23.314376831054688,TB0363,,2026-01-21 15:01:41+00:00
A3606,A200-A3907-1-19-15996494161,A200,42.63664627075195,23.38039779663086,A0004,,2026-01-21 15:01:40+00:00
A2001,A60-A191-1-20-5134671501,A60,42.71037292480469,23.268579483032227,A1107,,2026-01-21 15:01:39+00:00
A3123,A85-A4231-1-14-10103182621,A85,42.626426696777344,23.382761001586914,A2394,,2026-01-21 15:01:38+00:00
A2752,A49-A622-1-9-41200606741,A49,42.811527252197266,23.25605583190918,A1123,,2026-01-21 15:01:41+00:00
A1036,A256-A3839-4-23-18201644811,A256,42.652069091796875,23.333023071289062,A2782,,2026-01-21 15:01:42+00:00
A3115,A82-A53-3-10-36054527711,A82,42.657630920410156,23.3857479095459,A2318,,2026-01-21 15:01:40+00:00
TM0668,TM33-TM553-6-13-6102957891,TM33,42.68736267089844,23.329757690429688,TM0386,,2026-01-21 15:01:43+00:00
A3129,A87-A1221-4-13-5610317481,A87,42.67853546142578,23.35434913635254,A2326,,2026-01-21 15:01:41+00:00
TB2502,TB41-TB1029-4-14-33800151801,TB41,42.658992767333984,23.299558639526367,TB0601,,2026-01-21 15:01:43+00:00
A3609,A69-A2093-2-18-32221638681,A69,42.59646987915039,23.41080665588379,A1243,,2026-01-21 15:01:38+00:00
TM4168,TM22-TM3-4-16-5799033071,TM22,42.698280334472656,23.33009910583496,TM1074,,2026-01-21 15:01:42+00:00
A1209,A252-A3660-3-16-39694654531,A252,42.6760139465332,23.316205978393555,A1322,,2026-01-21 15:01:40+00:00
TM2353,TM51-TM727-3-17-18049020291,TM51,42.676963806152344,23.28192901611328,TM0640,,2026-01-21 15:01:41+00:00
TB5033,TB24-TB811-3-16-33710653141,TB24,42.66660690307617,23.36435890197754,TB2352,,2026-01-21 15:01:43+00:00
A3114,A90-A3969-1-12-26023178861,A90,42.64665603637695,23.368146896362305,A2677,,2026-01-21 15:01:43+00:00
TM3024,TM24-TM935-2-16-16033812001,TM24,42.69139099121094,23.325008392333984,TM1997,,2026-01-21 15:01:40+00:00
TB5058,TB39-TB952-7-10-21833271561,TB39,42.66347122192383,23.30278968811035,TB1800,,2026-01-21 15:01:41+00:00
A3132,A85-A3949-2-15-10103182621,A85,42.626583099365234,23.381563186645508,A6725,,2026-01-21 15:00:53+00:00
A1183,A12-A859-10-12-5165752811,A12,42.672637939453125,23.335973739624023,A2191,,2026-01-21 15:01:41+00:00
A2501,A1-A1058-1-14-9756953121,A1,42.686065673828125,23.328943252563477,A1808,,2026-01-21 15:01:40+00:00
A7127,A35-A3027-2-13-41471335241,A35,42.72622299194336,23.45467758178711,A1645,,2026-01-21 15:01:42+00:00
TM2340,TM25-TM86-1-28-35049760591,TM25,42.660133361816406,23.245813369750977,TM0851,,2026-01-21 15:01:41+00:00
TB5015,TB33-TB890-3-20-20935091151,TB33,42.635658264160156,23.427186965942383,TB0973,,2026-01-21 15:01:43+00:00
A1406,A6-A4135-3-13-38661970831,A6,42.634185791015625,23.310470581054688,A1177,,2026-01-21 15:01:42+00:00
TM4170,TM22-TM3-5-16-5799033071,TM22,42.69624710083008,23.346050262451172,TM2169,,2026-01-21 15:01:40+00:00
TM2348,TM25-TM86-2-26-35049760591,TM25,42.66797637939453,23.266080856323242,TM0891,,2026-01-21 15:01:38+00:00
A2079,A70-A2619-3-18-34272789451,A70,42.676780700683594,23.369348526000977,A1151,,2026-01-21 15:01:39+00:00
A3411,A77-A1725-6-17-20602448631,A77,42.6292724609375,23.333356857299805,A1175,,2026-01-21 15:01:40+00:00
A7163,A104-A2644-6-15-40585987471,A104,42.82680892944336,23.35338020324707,A1407,,2026-01-21 15:01:41+00:00
A2602,A37-A3850-1-15-17950310781,A37,42.663856506347656,23.317346572875977,A0344,,2026-01-21 15:01:42+00:00
A2016,A57-A141-13-13-5461188771,A57,42.644142150878906,23.345111846923828,A1609,,2026-01-21 15:01:40+00:00
A1313,A195-A1594-1-16-13448771501,A195,42.70742416381836,23.148740768432617,A0503,,2026-01-21 15:01:43+00:00
A2503,A1-A1059-6-11-9756953121,A1,42.6925048828125,23.359451293945312,A1924,,2026-01-21 15:01:40+00:00
A2026,A55-A197-4-16-3246077781,A55,42.70733642578125,23.35059928894043,A2042,,2026-01-21 15:01:40+00:00
A7141,A43-A2861-3-13-2875204691,A43,42.70538330078125,23.323524475097656,A1994,,2026-01-21 15:01:40+00:00
TM3022,TM24-TM936-11-16-16033812001,TM24,42.694976806640625,23.320558547973633,TM1996,,2026-01-21 15:01:41+00:00
A2019,A58-A97-16-13-25155018941,A58,42.64699172973633,23.345539093017578,A1609,,2026-01-21 15:01:42+00:00
TB5011,TB43-TB991-4-22-9362662841,TB43,42.67658996582031,23.369770050048828,TB1151,,2026-01-21 15:01:39+00:00
A3637,A200-A3908-3-18-15996494161,A200,42.60548400878906,23.366579055786133,A2546,,2026-01-21 15:01:43+00:00
A2605,A37-A3850-9-15-17950310781,A37,42.70613479614258,23.371051788330078,A1840,,2026-01-21 15:01:41+00:00
A2018,A57-A140-8-18-5461188771,A57,42.686363220214844,23.32987403869629,A1808,,2026-01-21 15:01:43+00:00
A2155,A53-A4381-4-10-4067422331,A53,42.70075225830078,23.341995239257812,A1102,,2026-01-21 15:01:40+00:00
A1606,A3-A2386-6-9-10205602451,A3,42.72650909423828,23.25311279296875,A0021,,2026-01-21 15:01:42+00:00
A3141,A84-A3694-2-12-36419210061,A84,42.66312789916992,23.376325607299805,A2327,,2026-01-21 15:01:39+00:00
TM4186,TM22-TM3-1-16-5799033071,TM22,42.703277587890625,23.298444747924805,TM1051,,2026-01-21 15:01:43+00:00
TM4188,TM22-TM4-15-16-5799033071,TM22,42.70183563232422,23.29773712158203,TM1927,,2026-01-21 15:01:40+00:00
A2044,A37-A3851-6-14-17950310781,A37,42.71042251586914,23.3852596282959,A0131,,2026-01-21 15:01:41+00:00
A2014,A57-A141-11-13-5461188771,A57,42.66415786743164,23.34385871887207,A1342,,2026-01-21 15:01:41+00:00
TB1655,TB9-TB13-4-13-22108036401,TB9,42.669307708740234,23.2773380279541,TB0164,,2026-01-21 15:01:41+00:00
TB1671,TB9-TB13-5-15-22108036401,TB9,42.65925598144531,23.272809982299805,TB1245,,2026-01-21 15:01:42+00:00
TB5008,TB43-TB990-2-23-9362662841,TB43,42.659912109375,23.317811965942383,TB2313,,2026-01-21 15:01:38+00:00
A2024,A57-A140-6-16-5461188771,A57,42.67210006713867,23.336471557617188,A2191,,2026-01-21 15:01:42+00:00
TB1619,TB2-TB613-1-18-14637221171,TB2,42.68971252441406,23.3388614654541,TB1699,,2026-01-21 15:01:43+00:00
TB1622,TB1-TB3-2-13-9164007201,TB1,42.671058654785156,23.37019157409668,TB1695,,2026-01-21 15:01:38+00:00
TM2041,TM32-TM1797-8-13-30092207131,TM32,42.71344757080078,23.314952850341797,TM1331,,2026-01-21 15:01:40+00:00
TB2808,TB10-TB10-11-14-9493358841,TB10,42.70048141479492,23.310190200805664,TB0283,,2026-01-21 15:01:41+00:00
TB2810,TB8-TB19-2-15-22437657501,TB8,42.68250274658203,23.30175018310547,TB0419,,2026-01-21 15:01:40+00:00
A2313,A58-A96-4-18-25155018941,A58,42.65361785888672,23.346616744995117,A1610,,2026-01-21 15:01:43+00:00
A3158,A84-A2228-10-15-36419210061,A84,42.66575622558594,23.286725997924805,A2730,,2026-01-21 15:01:42+00:00
A1411,A6-A3268-1-14-38661970831,A6,42.66006088256836,23.3217716217041,A2314,,2026-01-21 15:01:41+00:00
TM3038,TM24-TM935-16-14-16033812001,TM24,42.70576858520508,23.29481315612793,TM1949,,2026-01-21 15:01:40+00:00
TB1617,TB2-TB613-2-16-14637221171,TB2,42.67401885986328,23.374755859375,TB2616,,2026-01-21 15:01:40+00:00
A7143,A46-A28-1-45-41002460491,A46,42.71552658081055,23.34228515625,A0062,,2026-01-21 15:01:35+00:00
A1037,A255-A3822-1-36-9423134451,A255,42.67990493774414,23.240724563598633,A2846,,2026-01-21 15:01:39+00:00
A7041,A109-A2630-1-20-36487451391,A109,42.78935241699219,23.27261734008789,A1005,,2026-01-21 15:01:40+00:00
TM2057,TM27-TM1432-3-18-35328148071,TM27,42.69989013671875,23.32229995727539,TM1277,,2026-01-21 15:01:40+00:00
A1805,A6-A3268-7-13-38661970831,A6,42.64949417114258,23.26119613647461,A1591,,2026-01-21 15:01:42+00:00
A2510,A1-A1059-10-13-9756953121,A1,42.69839859008789,23.2758846282959,A2163,,2026-01-21 15:01:40+00:00
A2002,A201-A1672-1-18-34154492681,A201,42.71062088012695,23.322072982788086,A1327,,2026-01-21 15:01:42+00:00
A2020,A52-A3568-4-16-15165054651,A52,42.709625244140625,23.3765926361084,A2125,,2026-01-21 15:01:40+00:00
A7177,A41-A176-1-25-28221405511,A41,42.71815872192383,23.357698440551758,A1094,,2026-01-21 15:01:39+00:00
A3403,A82-A53-2-12-36054527711,A82,42.666717529296875,23.338197708129883,A2190,,2026-01-21 15:01:41+00:00
TB2818,TB8-TB18-7-16-22437657501,TB8,42.68574142456055,23.305862426757812,TB0418,,2026-01-21 15:01:38+00:00
A7129,A36-A1281-1-21-17245829331,A36,42.710105895996094,23.38931655883789,A0131,,2026-01-21 15:01:42+00:00
A1153,A12-A860-3-12-5165752811,A12,42.688621520996094,23.262367248535156,A0230,,2026-01-21 15:01:39+00:00
TM3406,TM29-TM1448-3-13-23634710001,TM29,42.67390823364258,23.269468307495117,TM0880,,2026-01-21 15:01:40+00:00
A1835,A3-A2387-12-10-10205602451,A3,42.658660888671875,23.26918601989746,A0277,,2026-01-21 15:01:39+00:00
A3633,A100-A674-6-14-28074017761,A100,42.70647048950195,23.323625564575195,A1327,,2026-01-21 15:01:42+00:00
TB5043,TB36-TB1013-6-16-1094213891,TB36,42.687095642089844,23.300342559814453,TB0393,,2026-01-21 15:01:40+00:00
A3663,A76-A1102-1-12-22870060761,A76,42.675743103027344,23.464744567871094,A0714,,2026-01-21 15:01:41+00:00
TM2319,TM30-TM1299-6-18-9227725961,TM30,42.71959686279297,23.309171676635742,TM1254,,2026-01-21 15:01:43+00:00
A7097,A43-A2861-1-15-2875204691,A43,42.78545379638672,23.39712905883789,A1766,,2026-01-21 15:01:39+00:00
A7081,A42-A2857-2-14-18111250661,A42,42.79587173461914,23.41707992553711,A1646,,2026-01-21 15:01:39+00:00
TB5056,TB39-TB952-6-9-21833271561,TB39,42.65723419189453,23.376920700073242,TB0210,,2026-01-21 15:01:40+00:00
TB5035,TB39-TB952-9-10-21833271561,TB39,42.66474533081055,23.288726806640625,TB6276,,2026-01-21 15:01:39+00:00
A3113,A85-A3949-4-15-10103182621,A85,42.694374084472656,23.346261978149414,A0442,,2026-01-21 15:01:43+00:00
A2006,A57-A141-12-17-5461188771,A57,42.65623092651367,23.349559783935547,A0317,,2026-01-21 15:01:41+00:00
TB5034,TB39-TB952-12-11-21833271561,TB39,42.68434524536133,23.2409725189209,TB0174,,2026-01-21 15:01:42+00:00
A7045,A110-A3407-2-10-16794236451,A110,42.725799560546875,23.552719116210938,A2816,,2026-01-21 15:01:39+00:00
A7057,A13-A4241-2-21-452380061,A13,42.751708984375,23.275583267211914,A0681,,2026-01-21 15:01:43+00:00
A1310,A63-A4155-2-9-15257913401,A63,42.62437057495117,23.292211532592773,A1216,,2026-01-21 15:01:42+00:00
A3153,A264-A4357-1-27-24172317691,A264,42.65536117553711,23.336271286010742,A0603,,2026-01-21 15:01:39+00:00
A3159,A84-A2228-8-13-36419210061,A84,42.686649322509766,23.33194923400879,A1287,,2026-01-21 15:01:43+00:00
A2045,A60-A3725-5-19-5134671501,A60,42.709503173828125,23.25946617126465,A1960,,2026-01-21 15:01:42+00:00
TB1654,TB3-TB295-9-18-6015886401,TB3,42.712013244628906,23.314645767211914,TB2105,,2026-01-21 15:01:38+00:00
A7065,A50-A4368-1-18-39340095991,A50,42.75450897216797,23.320775985717773,A1684,,2026-01-21 15:01:42+00:00
A3657,A99-A3858-2-21-35998379791,A99,42.689727783203125,23.335538864135742,A2601,,2026-01-21 15:01:42+00:00
A1126,A98-A1364-1-26-8941246131,A98,42.74853515625,23.22357749938965,A1758,,2026-01-21 15:01:41+00:00
A2064,A45-A2381-3-16-7949370281,A45,42.7437858581543,23.34712028503418,A0806,,2026-01-21 15:01:41+00:00
A3126,A264-A4355-2-23-24172317691,A264,42.64064025878906,23.343833923339844,A2878,,2026-01-21 15:01:39+00:00
TM2327,TM25-TM86-3-28-35049760591,TM25,42.67818832397461,23.284048080444336,TM0589,,2026-01-21 15:01:39+00:00
A2304,A58-A97-14-15-25155018941,A58,42.65190887451172,23.348718643188477,A0801,,2026-01-21 15:01:39+00:00
A1155,A3-A2386-4-10-10205602451,A3,42.69028091430664,23.230289459228516,A0083,,2026-01-21 15:01:42+00:00
TB5059,TB35-TB916-5-13-14002095321,TB35,42.672462463378906,23.251754760742188,TB2050,,2026-01-21 15:01:39+00:00
TB2812,TB10-TB10-8-14-9493358841,TB10,42.70868682861328,23.36823844909668,TB1753,,2026-01-21 15:01:39+00:00
A2012,A60-A191-7-16-5134671501,A60,42.718231201171875,23.240158081054688,A2133,,2026-01-21 15:01:42+00:00
TB2686,TB7-TB779-3-12-1383802291,TB7,42.71535110473633,23.26122283935547,TB0254,,2026-01-21 15:01:39+00:00
TM4113,TM20-TM652-10-16-21672869801,TM20,42.66294479370117,23.414403915405273,TM1410,,2026-01-21 15:01:42+00:00
A2821,A59-A1735-5-16-23236206821,A59,42.70638656616211,23.30237579345703,A0325,,2026-01-21 15:01:38+00:00
A3600,A99-A3858-4-22-35998379791,A99,42.67837905883789,23.399608612060547,A0090,,2026-01-21 15:01:38+00:00
A2055,A28-A2626-2-14-8403998641,A28,42.61840057373047,23.334491729736328,A2279,,2026-01-21 15:01:43+00:00
A2306,A58-A96-8-16-25155018941,A58,42.693016052246094,23.342145919799805,A0441,,2026-01-21 15:01:41+00:00
A1228,A101-A3611-2-14-32642433461,A101,42.719051361083984,23.262834548950195,A1057,,2026-01-21 15:01:39+00:00
A2048,A106-A3575-1-19-28757379261,A106,42.640811920166016,23.312334060668945,A0914,,2026-01-21 15:01:42+00:00
A1403,A6-A3268-6-12-38661970831,A6,42.67680740356445,23.297775268554688,A0269,,2026-01-21 15:01:40+00:00
TB2501,TB41-TB1028-2-17-33800151801,TB41,42.67898941040039,23.284326553344727,TB0638,,2026-01-21 15:01:29+00:00
A1217,A252-A3660-2-14-39694654531,A252,42.62492752075195,23.37433433532715,A2491,,2026-01-21 15:01:43+00:00
TB2814,TB8-TB19-1-19-22437657501,TB8,42.68668746948242,23.322839736938477,TB1423,,2026-01-21 15:01:39+00:00
A1301,A105-A3614-3-14-21539890271,A105,42.6229248046875,23.190763473510742,A1510,,2026-01-21 15:01:38+00:00
A3629,A85-A3949-3-13-10103182621,A85,42.65167236328125,23.379030227661133,A2742,,2026-01-21 15:01:40+00:00
A2073,A48-A4364-2-10-1765699081,A48,42.736820220947266,23.269121170043945,A0132,,2026-01-21 15:01:39+00:00
A2727,A48-A2495-5-9-1765699081,A48,42.744178771972656,23.318035125732422,A2457,,2026-01-21 15:01:42+00:00
TB1664,TB9-TB13-3-15-22108036401,TB9,42.67915725708008,23.300182342529297,TB2805,,2026-01-21 15:01:38+00:00
A7149,A40-A2817-4-10-2849511631,A40,42.715904235839844,23.340328216552734,A1978,,2026-01-21 15:00:51+00:00
TB2823,TB7-TB780-10-11-1383802291,TB7,42.67835998535156,23.320539474487305,TB1344,,2026-01-21 15:01:40+00:00
TB5009,TB39-TB1006-16-11-21833271561,TB39,42.66620635986328,23.285383224487305,TB2730,,2026-01-21 15:01:40+00:00
TB5044,TB39-TB952-10-11-21833271561,TB39,42.67369842529297,23.269750595092773,TB0881,,2026-01-21 15:01:42+00:00
A2056,A66-A2611-3-17-29083688511,A66,42.59374237060547,23.415908813476562,A1244,,2026-01-21 15:01:42+00:00
TM4134,TM20-TM8-5-15-21672869801,TM20,42.700660705566406,23.31981658935547,TM2334,,2026-01-21 15:01:39+00:00
A1173,A9-A4257-3-12-268767471,A9,42.7282829284668,23.291248321533203,A2233,,2026-01-21 15:01:40+00:00
TM4141,TM22-TM3-2-14-5799033071,TM22,42.701881408691406,23.30656623840332,TM2078,,2026-01-21 15:01:40+00:00
A1615,A4-A94-5-12-23345298621,A4,42.7054443359375,23.313581466674805,A0385,,2026-01-21 15:01:43+00:00
TB5031,TB39-TB1006-1-10-21833271561,TB39,42.66590118408203,23.37159538269043,TB1258,,2026-01-21 15:01:43+00:00
TM2309,TM30-TM1299-2-17-9227725961,TM30,42.67579650878906,23.296886444091797,TM0312,,2026-01-21 15:01:42+00:00
TB2687,TB6-TB1083-4-11-23464477111,TB6,42.692352294921875,23.33395767211914,TB2827,,2026-01-21 15:01:43+00:00
TM3032,TM24-TM936-7-15-16033812001,TM24,42.660194396972656,23.316913604736328,TM0911,,2026-01-21 15:01:03+00:00
TM3020,TM40-TM1762-5-14-23433951601,TM40,42.6832389831543,23.29323387145996,TM0694,,2026-01-21 15:01:40+00:00
A2042,A37-A3850-10-13-17950310781,A37,42.69987106323242,23.352519989013672,A2117,,2026-01-21 15:01:43+00:00
TM4192,TM22-TM3-6-14-5799033071,TM22,42.6976203918457,23.35959243774414,TM0473,,2026-01-21 15:01:40+00:00
A2512,A1-A1059-7-13-9756953121,A1,42.69294357299805,23.345516204833984,A2270,,2026-01-21 15:01:42+00:00
A7121,A34-A1598-1-13-2035504791,A34,42.77167892456055,23.53618812561035,A1387,,2026-01-21 15:01:40+00:00
TB2697,TB6-TB1083-6-12-23464477111,TB6,42.718814849853516,23.268966674804688,TB1893,,2026-01-21 15:01:41+00:00
TB2824,TB10-TB11-3-15-9493358841,TB10,42.691864013671875,23.311107635498047,TB1300,,2026-01-21 15:01:43+00:00
TB2830,TB8-TB19-3-19-22437657501,TB8,42.67588806152344,23.288618087768555,TB0311,,2026-01-21 15:01:41+00:00
TM2316,TM51-TM726-5-16-18049020291,TM51,42.69031524658203,23.306798934936523,TM0273,,2026-01-21 15:01:38+00:00
A1222,A3-A2387-15-10-10205602451,A3,42.651554107666016,23.37519073486328,A0245,,2026-01-21 15:01:41+00:00
A1607,A3-A2386-1-10-10205602451,A3,42.62373352050781,23.36197853088379,A2624,,2026-01-21 15:01:43+00:00
A2818,A32-A3661-3-17-8295892651,A32,42.704383850097656,23.35234260559082,A2107,,2026-01-21 15:01:42+00:00
TM2047,TM27-TM1795-2-20-35328148071,TM27,42.709381103515625,23.321266174316406,TM2665,,2026-01-21 15:01:42+00:00
A3610,A74-A2047-4-11-10692563641,A74,42.67367172241211,23.430307388305664,A1785,,2026-01-21 15:01:38+00:00
TB1628,TB4-TB192-6-15-33874768131,TB4,42.662208557128906,23.29580307006836,TB1226,,2026-01-21 15:01:42+00:00
A1422,A29-A116-2-18-13050759071,A29,42.6526985168457,23.266042709350586,A0808,,2026-01-21 15:01:15+00:00
A2090,A70-A2618-5-17-34272789451,A70,42.638511657714844,23.412811279296875,A0499,,2026-01-21 15:01:38+00:00
TM2367,TM25-TM85-8-25-35049760591,TM25,42.688018798828125,23.302473068237305,TM0759,,2026-01-21 15:01:43+00:00
A3131,A87-A1221-3-15-5610317481,A87,42.64973068237305,23.37788200378418,A0169,,2026-01-21 15:01:40+00:00
A1601,A4-A93-3-13-23345298621,A4,42.681724548339844,23.372314453125,A0149,,2026-01-21 15:01:40+00:00
A2506,A1-A1058-2-12-9756953121,A1,42.695701599121094,23.354957580566406,A2074,,2026-01-21 15:01:39+00:00
A2081,A1-A1058-11-11-9756953121,A1,42.70164489746094,23.276268005371094,A0620,,2026-01-21 15:01:00+00:00
TM3007,TM24-TM936-10-15-16033812001,TM24,42.68901824951172,23.32782554626465,TM0299,,2026-01-21 15:01:42+00:00
A3655,A90-A3969-2-10-26023178861,A90,42.62382507324219,23.378023147583008,A2493,,2026-01-21 15:01:38+00:00
A3625,A74-A2049-2-12-10692563641,A74,42.66864013671875,23.425119400024414,A0527,,2026-01-21 15:01:41+00:00
A7169,A56-A1496-5-18-13905593331,A56,42.71140670776367,23.353572845458984,A1598,,2026-01-21 15:01:38+00:00
TM2366,TM25-TM86-4-26-35049760591,TM25,42.68568801879883,23.29804801940918,TM0645,,2026-01-21 15:01:43+00:00
A3614,A80-A840-1-30-29680783891,A80,42.6804084777832,23.37291717529297,A0140,,2026-01-21 15:01:40+00:00
A7119,A56-A1497-8-13-13905593331,A56,42.7169189453125,23.309810638427734,A6430,,2026-01-21 15:01:38+00:00
TB5046,TB36-TB1014-4-17-1094213891,TB36,42.66207504272461,23.295730590820312,TB1226,,2026-01-21 15:01:40+00:00
A2007,A55-A2645-1-17-3246077781,A55,42.70465850830078,23.3238525390625,A1315,,2026-01-21 15:01:40+00:00
A2515,A1-A1058-3-14-9756953121,A1,42.68434524536133,23.364192962646484,A0729,,2026-01-21 15:01:40+00:00
A3105,A121-A4219-1-41-16235495031,A121,42.71281814575195,23.239328384399414,A0656,,2026-01-21 15:01:40+00:00
A2171,A53-A89-2-14-4067422331,A53,42.69972229003906,23.36717414855957,A1470,,2026-01-21 15:01:42+00:00
A7123,A110-A3407-3-12-16794236451,A110,42.70560073852539,23.401208877563477,A2407,,2026-01-21 15:01:41+00:00
TM2341,TM55-TM1751-11-16-10207457221,TM55,42.695953369140625,23.321144104003906,TM2825,,2026-01-21 15:01:42+00:00
A1845,A24-A1637-1-21-14850050491,A24,42.62283706665039,23.19040870666504,A1028,,2026-01-21 15:01:39+00:00
A1211,A3-A2387-14-11-10205602451,A3,42.62959289550781,23.37297821044922,A2490,,2026-01-21 15:01:41+00:00
TM4173,TM22-TM4-13-16-5799033071,TM22,42.70000076293945,23.323598861694336,TM1073,,2026-01-21 15:01:40+00:00
TB1663,TB9-TB873-10-13-22108036401,TB9,42.691925048828125,23.33341407775879,TB1902,,2026-01-21 15:01:41+00:00
TM2359,TM55-TM1751-12-15-10207457221,TM55,42.70695877075195,23.32332420349121,TM1276,,2026-01-21 15:01:38+00:00
A2005,A201-A2646-3-17-34154492681,A201,42.722965240478516,23.306276321411133,A2661,,2026-01-21 15:01:42+00:00
A3128,A81-A4234-1-11-42846132941,A81,42.671138763427734,23.364702224731445,A1194,,2026-01-21 15:01:41+00:00
A2309,A58-A97-13-17-25155018941,A58,42.65961456298828,23.359010696411133,A0761,,2026-01-21 15:01:43+00:00
TB1613,TB1-TB3-1-15-9164007201,TB1,42.69926834106445,23.340435028076172,TB1102,,2026-01-21 15:01:43+00:00
